{"cifar10": 0.5, "svhn": 0.8437492222222222, "celeba": 0.8050104444444444, "lsun": 0.6165705555555555, "cifar100": 0.5503763333333334, "mnist": 0.9996476666666666, "fmnist": 0.9947028888888889, "kmnist": 0.9993703333333334, "omniglot": 0.998864, "notmnist": 0.9955044444444444, "trafficsign": 0.5376074444444444, "noise": 0.11822199999999998, "constant": 0.991867888888889}