{"cifar10": 0.49999999999999994, "svhn": 0.8378779999999999, "celeba": 0.8111149999999999, "lsun": 0.619965, "cifar100": 0.564045, "mnist": 0.998404, "fmnist": 0.9936860000000001, "kmnist": 0.998098, "omniglot": 0.999132, "notmnist": 0.997911, "trafficsign": 0.571463, "noise": 0.130098, "constant": 0.991186}