{"cifar10": 0.5, "svhn": 0.8321, "celeba": 0.7961, "lsun": 0.6131000000000001, "cifar100": 0.5513000000000001, "mnist": 1.0, "fmnist": 0.9949999999999999, "kmnist": 0.9994, "omniglot": 1.0, "notmnist": 0.9973, "trafficsign": 0.6910000000000001, "noise": 0.16649999999999998, "constant": 0.9631000000000001}