{"cifar10": 0.5, "svhn": 0.8421926800000001, "celeba": 0.8030542599999999, "lsun": 0.613054, "cifar100": 0.54201796, "mnist": 0.9993709199999999, "fmnist": 0.9933366399999999, "kmnist": 0.99908524, "omniglot": 0.99818548, "notmnist": 0.9968381199999999, "trafficsign": 0.53232746, "noise": 0.12112828, "constant": 0.98965776}