{"cifar10": 0.49999999999999994, "svhn": 0.6861499999999999, "celeba": 0.7648999999999999, "lsun": 0.65225, "cifar100": 0.488575, "mnist": 0.9971749999999999, "fmnist": 0.987025, "kmnist": 0.9995499999999999, "omniglot": 0.998675, "notmnist": 0.98915, "trafficsign": 0.324475, "noise": 0.01050000000000001, "constant": 0.9701}