{"cifar10": 0.49999999999999994, "svhn": 0.7467069999999999, "celeba": 0.8029749999999999, "lsun": 0.7045266666666666, "cifar100": 0.557819, "mnist": 0.993978, "fmnist": 0.9807989999999999, "kmnist": 0.9972989999999999, "omniglot": 0.996725, "notmnist": 0.9919150000000001, "trafficsign": 0.38707400000000003, "noise": 0.008037000000000008, "constant": 0.977772}