{"cifar10": 0.49999999999999994, "svhn": 0.6439779999999999, "celeba": 0.7367900000000001, "lsun": 0.540425, "cifar100": 0.535627, "mnist": 0.879964, "fmnist": 0.824901, "kmnist": 0.866356, "omniglot": 0.835383, "notmnist": 0.904039, "trafficsign": 0.59343, "noise": 0.5778789999999999, "constant": 0.98673}