{"cifar10": 0.5, "svhn": 0.750124, "celeba": 0.8158240000000001, "lsun": 0.704372, "cifar100": 0.563544, "mnist": 0.995976, "fmnist": 0.98376, "kmnist": 0.998772, "omniglot": 0.9974239999999999, "notmnist": 0.993024, "trafficsign": 0.353776, "noise": 0.009840000000000008, "constant": 0.9764919999999998}