{"cifar10": 0.5, "svhn": 0.7260000000000001, "celeba": 0.8520999999999999, "lsun": 0.7414999999999999, "cifar100": 0.5687, "mnist": 0.9954999999999999, "fmnist": 0.9884999999999999, "kmnist": 0.9964, "omniglot": 0.9984, "notmnist": 0.9984999999999999, "trafficsign": 0.3794, "noise": 0.007900000000000008, "constant": 0.9804999999999999}