{"cifar10": 0.49999999999999994, "svhn": 0.82195, "celeba": 0.582975, "lsun": 0.36572499999999997, "cifar100": 0.4295, "mnist": 0.969375, "fmnist": 0.907125, "kmnist": 0.9546, "omniglot": 0.749425, "notmnist": 0.8599249999999999, "trafficsign": 0.576075, "noise": 0.0, "constant": 0.9921249999999999}