{"cifar10": 0.5, "svhn": 0.81900026, "celeba": 0.62912912, "lsun": 0.42180966666666664, "cifar100": 0.49758038, "mnist": 0.8383122, "fmnist": 0.78797048, "kmnist": 0.8244875199999999, "omniglot": 0.6947161800000001, "notmnist": 0.92652578, "trafficsign": 0.64576118, "noise": 0.12147918, "constant": 0.99954736}