{"cifar10": 0.5, "svhn": 0.7506692222222222, "celeba": 0.7960245555555555, "lsun": 0.6993177777777777, "cifar100": 0.5411162222222222, "mnist": 0.9941862222222221, "fmnist": 0.9816225555555556, "kmnist": 0.9971534444444444, "omniglot": 0.9949636666666666, "notmnist": 0.9828705555555557, "trafficsign": 0.3688166666666667, "noise": 0.005133000000000002, "constant": 0.9724265555555556}