{"cifar10": 0.5, "svhn": 0.7468202199999999, "celeba": 0.79835148, "lsun": 0.6943673333333332, "cifar100": 0.53726764, "mnist": 0.99233168, "fmnist": 0.9791108800000001, "kmnist": 0.9960083999999999, "omniglot": 0.9933364, "notmnist": 0.98513628, "trafficsign": 0.36535038, "noise": 0.006196360000000007, "constant": 0.9693365599999999}