{"cifar10": 0.5, "svhn": 0.644068, "celeba": 0.708228, "lsun": 0.5311199999999999, "cifar100": 0.535664, "mnist": 0.94922, "fmnist": 0.891128, "kmnist": 0.924028, "omniglot": 0.7575480000000001, "notmnist": 0.895568, "trafficsign": 0.680724, "noise": 0.150736, "constant": 0.9533479999999999}