{"cifar10": 0.5, "svhn": 0.774337888888889, "celeba": 0.6617907777777777, "lsun": 0.46310166666666663, "cifar100": 0.5178450555555556, "mnist": 0.8513563333333334, "fmnist": 0.7743997777777778, "kmnist": 0.839169, "omniglot": 0.7727331111111111, "notmnist": 0.915815, "trafficsign": 0.615038388888889, "noise": 0.2980682777777778, "constant": 0.9973542222222221}