{"cifar10": 0.5, "svhn": 0.8897999999999999, "celeba": 0.6305000000000001, "lsun": 0.4662, "cifar100": 0.522, "mnist": 0.9488000000000001, "fmnist": 0.8903, "kmnist": 0.9259999999999999, "omniglot": 0.9346, "notmnist": 0.8664000000000001, "trafficsign": 0.726, "noise": 0.0, "constant": 0.9924999999999999}