{"fmnist": 0.5, "svhn": 1.0, "celeba": 0.999696, "lsun": 0.999872, "cifar10": 0.9996160000000001, "cifar100": 0.9993839999999999, "mnist": 0.980548, "kmnist": 0.9884, "omniglot": 1.0, "notmnist": 0.9999439999999999, "noise": 0.996068, "constant": 0.994004}