{"fmnist": 0.5, "svhn": 0.99999324, "celeba": 0.9997262, "lsun": 0.999844, "cifar10": 0.9995557600000001, "cifar100": 0.9994651600000001, "mnist": 0.9833814799999999, "kmnist": 0.99326084, "omniglot": 1.0, "notmnist": 0.99977552, "noise": 0.9951793200000001, "constant": 0.9970796399999999}