{"fmnist": 0.5, "svhn": 1.0, "celeba": 0.9985999999999999, "lsun": 0.9991, "cifar10": 0.9986999999999999, "cifar100": 0.9983, "mnist": 0.9837, "kmnist": 0.9925, "omniglot": 1.0, "notmnist": 0.9998, "noise": 1.0, "constant": 0.9999}