{"fmnist": 0.49999999999999994, "svhn": 0.999922, "celeba": 0.9994029999999999, "lsun": 0.9995566666666666, "cifar10": 0.999386, "cifar100": 0.999286, "mnist": 0.982518, "kmnist": 0.9928440000000001, "omniglot": 1.0, "notmnist": 0.9997, "noise": 0.99557, "constant": 0.995895}