{"fmnist": 0.49999999999999994, "svhn": 0.99925, "celeba": 0.9980249999999999, "lsun": 0.997975, "cifar10": 0.998325, "cifar100": 0.998275, "mnist": 0.9882, "kmnist": 0.9904000000000001, "omniglot": 1.0, "notmnist": 0.99795, "noise": 0.995, "constant": 0.999275}