{"fmnist": 0.5, "svhn": 0.9999487777777778, "celeba": 0.9995534444444445, "lsun": 0.9995655555555556, "cifar10": 0.9993362222222222, "cifar100": 0.9991083333333334, "mnist": 0.9810628888888888, "kmnist": 0.9927451111111111, "omniglot": 1.0, "notmnist": 0.9997255555555555, "noise": 0.9924568888888889, "constant": 0.9971275555555554}