{"fmnist": 0.5, "svhn": 0.95529032, "celeba": 0.8174193200000001, "lsun": 0.7213666666666667, "cifar10": 0.7188255800000001, "cifar100": 0.7249228, "mnist": 0.5421056799999999, "kmnist": 0.76454664, "omniglot": 1.0, "notmnist": 0.9763387200000002, "noise": 0.99949948, "constant": 0.9971607200000001}