{"fmnist": 0.5, "svhn": 0.9531792777777778, "celeba": 0.8217701666666668, "lsun": 0.7415244444444444, "cifar10": 0.7453306666666666, "cifar100": 0.7367262222222222, "mnist": 0.6724216666666667, "kmnist": 0.8564355555555556, "omniglot": 1.0, "notmnist": 0.9815408888888889, "noise": 0.9996339999999999, "constant": 0.9970232222222222}