{"fmnist": 0.5, "svhn": 0.99998016, "celeba": 0.99986228, "lsun": 0.9998323333333333, "cifar10": 0.99963212, "cifar100": 0.999529, "mnist": 0.9660254800000001, "kmnist": 0.99439408, "omniglot": 1.0, "notmnist": 0.99983116, "noise": 0.9770150799999999, "constant": 0.9970088799999999}