{"fmnist": 0.49999999999999994, "svhn": 0.999925, "celeba": 0.9996, "lsun": 0.9993, "cifar10": 0.999325, "cifar100": 0.9990249999999999, "mnist": 0.9580250000000001, "kmnist": 0.991075, "omniglot": 1.0, "notmnist": 0.9998, "noise": 0.9778, "constant": 0.9994999999999999}