{"fmnist": 0.5, "svhn": 0.6223000000000001, "celeba": 0.4916999999999999, "lsun": 0.4318, "cifar10": 0.48889999999999995, "cifar100": 0.49609999999999993, "mnist": 0.4943, "kmnist": 0.5071000000000001, "omniglot": 1.0, "notmnist": 0.8809999999999999, "noise": 0.253, "constant": 0.9471}