{"fmnist": 0.49999999999999994, "svhn": 0.946797, "celeba": 0.825745, "lsun": 0.7834833333333333, "cifar10": 0.7579085, "cifar100": 0.757121, "mnist": 0.7910379999999999, "kmnist": 0.8938090000000001, "omniglot": 1.0, "notmnist": 0.984748, "noise": 0.998992, "constant": 0.994776}