{"fmnist": 0.5, "svhn": 0.9999277777777777, "celeba": 0.9997425555555556, "lsun": 0.9995755555555556, "cifar10": 0.9993694444444444, "cifar100": 0.9991922222222223, "mnist": 0.9633541111111111, "kmnist": 0.9934056666666666, "omniglot": 1.0, "notmnist": 0.9998001111111111, "noise": 0.975404, "constant": 0.9969733333333332}