{"fmnist": 0.49999999999999994, "svhn": 0.78595, "celeba": 0.626575, "lsun": 0.6418, "cifar10": 0.655725, "cifar100": 0.6511750000000001, "mnist": 0.7794, "kmnist": 0.789625, "omniglot": 1.0, "notmnist": 0.972425, "noise": 0.6719499999999999, "constant": 0.97585}