{"fmnist": 0.5, "svhn": 0.927172, "celeba": 0.832008, "lsun": 0.7941959999999999, "cifar10": 0.774052, "cifar100": 0.7780640000000001, "mnist": 0.884112, "kmnist": 0.909604, "omniglot": 1.0, "notmnist": 0.98972, "noise": 0.9735039999999999, "constant": 0.988356}