{"fmnist": 0.49999999999999994, "svhn": 0.999844, "celeba": 0.999638, "lsun": 0.9994466666666667, "cifar10": 0.9993839999999999, "cifar100": 0.999356, "mnist": 0.966647, "kmnist": 0.994334, "omniglot": 1.0, "notmnist": 0.9997370000000001, "noise": 0.98062, "constant": 0.9955}